{
  "district": {
    "name_en": "Sri Sathya Sai",
    "name_te": "శ్రీ సత్యసాయి",
    "name_hi": "श्री सत्य साई",
    "state_en": "Andhra Pradesh",
    "state_te": "ఆంధ్రప్రదేశ్",
    "state_hi": "आंध्र प्रदेश",
    "total_mandals": 32
  },
  "mandals": [
    { "name_en": "Puttaparthi", "name_te": "పుట్టపర్తి", "name_hi": "पुट्टपर्थी" },
    { "name_en": "Prasanthi Nilayam", "name_te": "ప్రశాంతి నిలయం", "name_hi": "प्रशांति निलयम" },
    { "name_en": "Bukkapatnam", "name_te": "బుక్కపట్నం", "name_hi": "बुक्कपट्टनम" },
    { "name_en": "Kothacheruvu", "name_te": "కొత్తచెరువు", "name_hi": "कोथाचेरुवु" },
    { "name_en": "Penukonda", "name_te": "పెనుకొండ", "name_hi": "पेनुकोण्डा" },
    { "name_en": "Roddam", "name_te": "రొడ్డం", "name_hi": "रोड्डम" },
    { "name_en": "Somandepalle", "name_te": "సోమందేపల్లి", "name_hi": "सोमंदेपल्ले" },
    { "name_en": "Nallamada", "name_te": "నల్లమాడ", "name_hi": "नल्लमाडा" },
    { "name_en": "Gandlapenta", "name_te": "గండ్లపెంట", "name_hi": "गंड्लपेंटा" },
    { "name_en": "Kadiri", "name_te": "కదిరి", "name_hi": "कदिरी" },
    { "name_en": "Talupula", "name_te": "తలుపుల", "name_hi": "तलुपुला" },
    { "name_en": "N.P. Kunta", "name_te": "ఎన్.పీ. కుంట", "name_hi": "एन.पी. कुंटा" },
    { "name_en": "O.D. Cheruvu", "name_te": "ఓ.డి. చెరువు", "name_hi": "ओ.डी. चेरुवु" },
    { "name_en": "Tanakal", "name_te": "తనకల్", "name_hi": "तनकल" },
    { "name_en": "Amadagur", "name_te": "అమడగూరు", "name_hi": "अमडगूरु" },
    { "name_en": "Mudigubba", "name_te": "ముదిగుబ్బ", "name_hi": "मुदिगुब्बा" },
    { "name_en": "Bathalapalle", "name_te": "బతలపల్లి", "name_hi": "बथलपल्ले" },
    { "name_en": "Dharmavaram", "name_te": "ధర్మవరం", "name_hi": "धर्मवरम" },
    { "name_en": "Tadimarri", "name_te": "తాడిమర్రి", "name_hi": "ताड़ीमर्री" },
    { "name_en": "Ramagiri", "name_te": "రామగిరి", "name_hi": "रामगिरि" },
    { "name_en": "Kanekal", "name_te": "కనేకల్", "name_hi": "कनेकल" },
    { "name_en": "Beluguppa", "name_te": "బెలుగుప్ప", "name_hi": "बेलुगुप्पा" },
    { "name_en": "Kalyandurg", "name_te": "కళ్యాణదుర్గం", "name_hi": "कल्याणदुर्ग" },
    { "name_en": "Kambadur", "name_te": "కంబదూరు", "name_hi": "कंबदूर" },
    { "name_en": "Settur", "name_te": "సెత్తూరు", "name_hi": "सेत्तूर" },
    { "name_en": "Brahmasamudram", "name_te": "బ్రహ్మసముద్రం", "name_hi": "ब्रह्मसमुद्रम" },
    { "name_en": "Hindupur", "name_te": "హిందూపూర్", "name_hi": "हिंदूपुर" },
    { "name_en": "Lepakshi", "name_te": "లేపాక్షి", "name_hi": "लेपाक्षी" },
    { "name_en": "Chilamathur", "name_te": "చిలమత్తూరు", "name_hi": "चिलमत्तूरु" },
    { "name_en": "Rolla", "name_te": "రోళ్ల", "name_hi": "रोल्ला" },
    { "name_en": "Agali", "name_te": "అగలి", "name_hi": "अगली" }
  ]
}
