{
  "district": {
    "name_en": "Tirupati",
    "name_te": "తిరుపతి",
    "name_hi": "तिरुपति",
    "state_en": "Andhra Pradesh",
    "state_te": "ఆంధ్రప్రదేశ్",
    "state_hi": "आंध्र प्रदेश",
    "total_mandals": 34
  },
  "mandals": [
    { "name_en": "Tirupati Urban", "name_te": "తిరుపతి అర్బన్", "name_hi": "तिरुपति शहरी" },
    { "name_en": "Tirupati Rural", "name_te": "తిరుపతి గ్రామీణం", "name_hi": "तिरुपति ग्रामीण" },
    { "name_en": "Renigunta", "name_te": "రేణిగుంట", "name_hi": "रेणिगुंटा" },
    { "name_en": "Yerpedu", "name_te": "యెర్పేడు", "name_hi": "येरपेडु" },
    { "name_en": "Chandragiri", "name_te": "చంద్రగిరి", "name_hi": "चंद्रगिरि" },
    { "name_en": "Pakala", "name_te": "పాకాల", "name_hi": "पाकाला" },
    { "name_en": "Ramachandrapuram", "name_te": "రామచంద్రపురం", "name_hi": "रामचंद्रपुरम" },
    { "name_en": "Kalikiri", "name_te": "కలికిరి", "name_hi": "कलिकिरी" },
    { "name_en": "Pileru", "name_te": "పిలేరు", "name_hi": "पिलेरु" },
    { "name_en": "Vedurukuppam", "name_te": "వెదురుకుప్పం", "name_hi": "वेदुरुकुप्पम" },
    { "name_en": "Karvetinagar", "name_te": "కార్వేటినగర్", "name_hi": "कार्वेटीनगर" },
    { "name_en": "Nagari", "name_te": "నగరి", "name_hi": "नगरि" },
    { "name_en": "Nindra", "name_te": "నింద్ర", "name_hi": "निंद्रा" },
    { "name_en": "Puttur", "name_te": "పుత్తూరు", "name_hi": "पुत्तूर" },
    { "name_en": "Narayanavanam", "name_te": "నారాయణవనం", "name_hi": "नारायणवनम" },
    { "name_en": "Satyavedu", "name_te": "సత్యవేడు", "name_hi": "सत्यवेड़ु" },
    { "name_en": "Varadaiahpalem", "name_te": "వరదయ్యపాలెం", "name_hi": "वरदैय्यापालेम" },
    { "name_en": "Chillakur", "name_te": "చిల్లకూరు", "name_hi": "चिल्लकूर" },
    { "name_en": "Sullurpeta", "name_te": "సూళ్లూరుపేట", "name_hi": "सुल्लूरपेटा" },
    { "name_en": "Naidupeta", "name_te": "నాయుడుపేట", "name_hi": "नायडुपेटा" },
    { "name_en": "Doravarisatram", "name_te": "దొరవారిసత్రం", "name_hi": "दोरावारिसत्रम" },
    { "name_en": "Balayapalle", "name_te": "బాలాయపల్లి", "name_hi": "बालायपल्ले" },
    { "name_en": "Ojili", "name_te": "ఓజిలి", "name_hi": "ओजिली" },
    { "name_en": "Kota", "name_te": "కోట", "name_hi": "कोटा" },
    { "name_en": "Vakadu", "name_te": "వాకాడు", "name_hi": "वाकाडु" },
    { "name_en": "Chittamur", "name_te": "చిట్టమూరు", "name_hi": "चित्तमूर" },
    { "name_en": "Pellakur", "name_te": "పెల్లకూరు", "name_hi": "पेल्लकूर" },
    { "name_en": "Thottambedu", "name_te": "తోట్టంబేడు", "name_hi": "थोट्टंबेडु" },
    { "name_en": "Yerravaripalem", "name_te": "ఎర్రవారిపాలెం", "name_hi": "एर्रवारिपालेम" },
    { "name_en": "Buchinaidu Kandriga", "name_te": "బుచ్చినాయుడు కండ్రిగ", "name_hi": "बुच्चिनायडु कंद्रिगा" },
    { "name_en": "Tada", "name_te": "తడ", "name_hi": "तडा" },
    { "name_en": "Srikalahasti", "name_te": "శ్రీకాళహస్తి", "name_hi": "श्रीकालहस्ती" }
  ]
}
