{
  "district": {
    "name_en": "Vizianagaram",
    "name_te": "విజయనగరం",
    "name_hi": "विजयनगरम",
    "state_en": "Andhra Pradesh",
    "state_te": "ఆంధ్రప్రదేశ్",
    "state_hi": "आंध्र प्रदेश",
    "total_mandals": 27
  },
  "mandals": [
    { "name_en": "Vizianagaram", "name_te": "విజయనగరం", "name_hi": "विजयनगरम" },
    { "name_en": "Gajapathinagaram", "name_te": "గజపతినగరం", "name_hi": "गजपतिनगरम" },
    { "name_en": "Nellimarla", "name_te": "నెల్లిమర్ల", "name_hi": "नेल्लिमर्ला" },
    { "name_en": "Garividi", "name_te": "గరివిడి", "name_hi": "गरिविडी" },
    { "name_en": "Denkada", "name_te": "డెంకడ", "name_hi": "डेंकड़ा" },
    { "name_en": "Cheepurupalle", "name_te": "చీపురుపల్లి", "name_hi": "चीपुरुपल्ली" },
    { "name_en": "Merakamudidam", "name_te": "మెరకముడిదం", "name_hi": "मेरकमुडिदम" },
    { "name_en": "Gurla", "name_te": "గుర్ల", "name_hi": "गुरला" },
    { "name_en": "Bondapalle", "name_te": "బొండపల్లి", "name_hi": "बोंडपल्ली" },
    { "name_en": "Jami", "name_te": "జామి", "name_hi": "जामी" },
    { "name_en": "Srungavarapukota", "name_te": "శృంగవరపుకోట", "name_hi": "श्रृंगवरपुकोटा" },
    { "name_en": "Bobbili", "name_te": "బొబ్బిలి", "name_hi": "बोब्बिली" },
    { "name_en": "Salur", "name_te": "సాలూరు", "name_hi": "सालूर" },
    { "name_en": "Badangi", "name_te": "బడంగి", "name_hi": "बडंगी" },
    { "name_en": "Therlam", "name_te": "తెర్లాం", "name_hi": "तेरलाम" },
    { "name_en": "Makkuva", "name_te": "మక్కువ", "name_hi": "मक्कुवा" },
    { "name_en": "Pusapatirega", "name_te": "పూసపాటిరేగ", "name_hi": "पूसपाटिरेगा" },
    { "name_en": "Dattirajeru", "name_te": "దత్తిరాజేరు", "name_hi": "दत्तिराजेरु" },
    { "name_en": "Lakkavarapukota", "name_te": "లక్కవరపుకోట", "name_hi": "लक्कवरपुकोटा" },
    { "name_en": "Ramabhadrapuram", "name_te": "రామభద్రపురం", "name_hi": "रामभद्रपुरम" },
    { "name_en": "Gantyada", "name_te": "గంట్యాడ", "name_hi": "गंट्याडा" },
    { "name_en": "Komarada", "name_te": "కొమరాడ", "name_hi": "कोमराडा" },
    { "name_en": "Kurupam", "name_te": "కురుపాం", "name_hi": "कुरुपाम" },
    { "name_en": "Seethanagaram", "name_te": "సీతానగరం", "name_hi": "सीतानगरम" },
    { "name_en": "Balijipeta", "name_te": "బలిజిపేట", "name_hi": "बलिजीपेटा" },
    { "name_en": "Garugubilli", "name_te": "గరుగుబిల్లి", "name_hi": "गरुगुबिल्ली" },
    { "name_en": "Pachipenta", "name_te": "పచ్చిపెంట", "name_hi": "पच्चिपेंटा" }
  ]
}
