{
  "state": "Andhra Pradesh",
  "stateCode": "AP",
  "districts": [
    {
      "name": "Anantapur",
      "code": "ATP",
      "mandals": []
    },
    {
      "name": "Chittoor",
      "code": "CTR",
      "mandals": []
    },
    {
      "name": "East Godavari",
      "code": "EGD",
      "mandals": []
    },
    {
      "name": "Guntur",
      "code": "GTR",
      "mandals": []
    },
    {
      "name": "Krishna",
      "code": "KRS",
      "mandals": []
    },
    {
      "name": "Kurnool",
      "code": "KNL",
      "mandals": []
    },
    {
      "name": "Prakasam",
      "code": "PKM",
      "mandals": []
    },
    {
      "name": "Nellore",
      "code": "NLR",
      "mandals": []
    },
    {
      "name": "Srikakulam",
      "code": "SKM",
      "mandals": []
    },
    {
      "name": "Visakhapatnam",
      "code": "VSP",
      "mandals": []
    },
    {
      "name": "Vizianagaram",
      "code": "VZM",
      "mandals": []
    },
    {
      "name": "West Godavari",
      "code": "WGD",
      "mandals": []
    },
    {
      "name": "YSR Kadapa",
      "code": "YKD",
      "mandals": []
    }
  ]
}
