[
  {"english":"Alluri Sitharama Raju","telugu":"అల్లూరి సీతారామరాజు","hindi":"अल्लूरी सीतारामराजु"},
  {"english":"Anakapalli","telugu":"అనకాపల్లి","hindi":"अनकापल्ली"},
  {"english":"Ananthapuramu","telugu":"అనంతపురము","hindi":"अनंतपुरमु"},
  {"english":"Annamayya","telugu":"అన్నమయ్య","hindi":"अन्नमय्या"},
  {"english":"Bapatla","telugu":"బాపట్ల","hindi":"बापटला"},
  {"english":"Madanapalle","telugu":"మదనపల్లె","hindi":"मदनपल्ले"},
  {"english":"Chittoor","telugu":"చిత్తూరు","hindi":"चित्तूर"},
  {"english":"Dr. B.R. Ambedkar Konaseema","telugu":"డా. బి.ఆర్. అంబేద్కర్ కోనసీమ","hindi":"डॉ. बी.आर. अंबेडकर कोनसीमा"},
  {"english":"East Godavari","telugu":"తూర్పు గోదావరి","hindi":"पूर्व गोदावरी"},
  {"english":"Eluru","telugu":"ఏలూరు","hindi":"एलूरु"},
  {"english":"Guntur","telugu":"గుంటూరు","hindi":"गुंटूर"},
  {"english":"Kakinada","telugu":"కాకినాడ","hindi":"काकिनाडा"},
  {"english":"Krishna","telugu":"కృష్ణా","hindi":"कृष्णा"},
  {"english":"Kurnool","telugu":"కర్నూలు","hindi":"कर्नूल"},
  {"english":"Nandyal","telugu":"నంద్యాల","hindi":"नंद्याल"},
  {"english":"NTR","telugu":"ఎన్‌టీఆర్","hindi":"एनटीआर"},
  {"english":"Palnadu","telugu":"పల్నాడు","hindi":"पलनाडु"},
  {"english":"Parvathipuram Manyam","telugu":"పార్వతీపురం మన్యం","hindi":"पार्वतीपुरम मन्यम"},
  {"english":"Prakasam","telugu":"ప్రకాశం","hindi":"प्रकाशम"},
  {"english":"SPSR Nellore","telugu":"ఎస్‌పిఎస్‌ఆర్ నెల్లూరు","hindi":"एसपीएसआर नेल्लोर"},
  {"english":"Sri Sathya Sai","telugu":"శ్రీ సత్యసాయి","hindi":"श्री सत्य साई"},
  {"english":"Srikakulam","telugu":"శ్రీకాకుళం","hindi":"श्रीकाकुलम"},
  {"english":"Tirupati","telugu":"తిరుపతి","hindi":"तिरुपति"},
  {"english":"Visakhapatnam","telugu":"విశాఖపట్నం","hindi":"विशाखापट्टनम"},
  {"english":"Vizianagaram","telugu":"విజయనగరం","hindi":"विजयनगरम"},
  {"english":"West Godavari","telugu":"పశ్చిమ గోదావరి","hindi":"पश्चिम गोदावरी"},
  {"english":"YSR Kadapa","telugu":"వై.ఎస్.ఆర్ కడప","hindi":"वाईएसआर कडपा"}
]
